sample_name	path_cutoff	minsup_ratio	max_rule_length	alpha	roc_auc
param_study_model_PROD_0	3	0.2	3	0.5	0.8104053536662273
param_study_model_PROD_1	3	0.2	3	0.5	0.8421544704957704
param_study_model_PROD_2	3	0.2	3	0.5	0.757585683966393
param_study_model_PROD_3	3	0.2	3	0.5	0.8055836334080184
param_study_model_PROD_4	3	0.2	3	0.5	0.8177292508550635
param_study_model_PROD_0	3	0.2	3	0.2	0.7420540817961319
param_study_model_PROD_1	3	0.2	3	0.2	0.7441652431618297
param_study_model_PROD_2	3	0.2	3	0.2	0.7234511745998968
param_study_model_PROD_3	3	0.2	3	0.2	0.7275641132962329
param_study_model_PROD_4	3	0.2	3	0.2	0.7428122130030101
param_study_model_PROD_0	3	0.2	3	0.8	0.8057450736963032
param_study_model_PROD_1	3	0.2	3	0.8	0.8384735652478106
param_study_model_PROD_2	3	0.2	3	0.8	0.7515054297451411
param_study_model_PROD_3	3	0.2	3	0.8	0.8125727831727054
param_study_model_PROD_4	3	0.2	3	0.8	0.8321175745048401
param_study_model_PROD_0	3	0.2	2	0.5	0.8019649099353002
param_study_model_PROD_1	3	0.2	2	0.5	0.7950190222130733
param_study_model_PROD_2	3	0.2	2	0.5	0.7699721124275528
param_study_model_PROD_3	3	0.2	2	0.5	0.7778109209978314
param_study_model_PROD_4	3	0.2	2	0.5	0.7984281672346334
param_study_model_PROD_0	3	0.2	2	0.2	0.758860977016677
param_study_model_PROD_1	3	0.2	2	0.2	0.714008944088472
param_study_model_PROD_2	3	0.2	2	0.2	0.6955809321325271
param_study_model_PROD_3	3	0.2	2	0.2	0.7270647110066945
param_study_model_PROD_4	3	0.2	2	0.2	0.7276970707579644
param_study_model_PROD_0	3	0.2	2	0.8	0.8043355303421963
param_study_model_PROD_1	3	0.2	2	0.8	0.8372742032397693
param_study_model_PROD_2	3	0.2	2	0.8	0.7586735719157307
param_study_model_PROD_3	3	0.2	2	0.8	0.7844441182263306
param_study_model_PROD_4	3	0.2	2	0.8	0.8003819046808989
param_study_model_PROD_0	3	0.2	4	0.5	0.7866828762643183
param_study_model_PROD_1	3	0.2	4	0.5	0.8122862776647789
param_study_model_PROD_2	3	0.2	4	0.5	0.7535450568531589
param_study_model_PROD_3	3	0.2	4	0.5	0.8033027422395881
param_study_model_PROD_4	3	0.2	4	0.5	0.8231733387393573
param_study_model_PROD_0	3	0.2	4	0.2	0.7242542184137724
param_study_model_PROD_1	3	0.2	4	0.2	0.728762034773564
param_study_model_PROD_2	3	0.2	4	0.2	0.6908807082804309
param_study_model_PROD_3	3	0.2	4	0.2	0.7018641802050796
param_study_model_PROD_4	3	0.2	4	0.2	0.698222997556142
param_study_model_PROD_0	3	0.2	4	0.8	0.7936510603442622
param_study_model_PROD_1	3	0.2	4	0.8	0.8475682790899038
param_study_model_PROD_2	3	0.2	4	0.8	0.7453693101113217
param_study_model_PROD_3	3	0.2	4	0.8	0.8186610778820754
param_study_model_PROD_4	3	0.2	4	0.8	0.814971441136561
param_study_model_PROD_0	3	0.4	3	0.5	0.7291565024320319
param_study_model_PROD_1	3	0.4	3	0.5	0.7913827937764354
param_study_model_PROD_2	3	0.4	3	0.5	0.7317674467472304
param_study_model_PROD_3	3	0.4	3	0.5	0.7895034255220844
param_study_model_PROD_4	3	0.4	3	0.5	0.7943484068682991
param_study_model_PROD_0	3	0.4	3	0.2	0.6820729470629175
param_study_model_PROD_1	3	0.4	3	0.2	0.6843853097842935
param_study_model_PROD_2	3	0.4	3	0.2	0.5968821401369525
param_study_model_PROD_3	3	0.4	3	0.2	0.6957661183142899
param_study_model_PROD_4	3	0.4	3	0.2	0.6992575591495837
param_study_model_PROD_0	3	0.4	3	0.8	0.7833708503552768
param_study_model_PROD_1	3	0.4	3	0.8	0.819156066453808
param_study_model_PROD_2	3	0.4	3	0.8	0.6799626361236648
param_study_model_PROD_3	3	0.4	3	0.8	0.7979803835534047
param_study_model_PROD_4	3	0.4	3	0.8	0.7745275082643253
param_study_model_PROD_0	3	0.4	2	0.5	0.73294852531413
param_study_model_PROD_1	3	0.4	2	0.5	0.7788757589946187
param_study_model_PROD_2	3	0.4	2	0.5	0.713669031061138
param_study_model_PROD_3	3	0.4	2	0.5	0.7460301293555991
param_study_model_PROD_4	3	0.4	2	0.5	0.7622286177298898
param_study_model_PROD_0	3	0.4	2	0.2	0.6615520810978227
param_study_model_PROD_1	3	0.4	2	0.2	0.6606417209119378
param_study_model_PROD_2	3	0.4	2	0.2	0.6325863040129796
param_study_model_PROD_3	3	0.4	2	0.2	0.6446409624945827
param_study_model_PROD_4	3	0.4	2	0.2	0.6635651714244961
param_study_model_PROD_0	3	0.4	2	0.8	0.7828209222756979
param_study_model_PROD_1	3	0.4	2	0.8	0.8206304155529667
param_study_model_PROD_2	3	0.4	2	0.8	0.7005827996758709
param_study_model_PROD_3	3	0.4	2	0.8	0.7839933687677794
param_study_model_PROD_4	3	0.4	2	0.8	0.7756696756133341
param_study_model_PROD_0	3	0.4	4	0.5	0.7342944959634435
param_study_model_PROD_1	3	0.4	4	0.5	0.7811325928684985
param_study_model_PROD_2	3	0.4	4	0.5	0.714034879072335
param_study_model_PROD_3	3	0.4	4	0.5	0.74839357433765
param_study_model_PROD_4	3	0.4	4	0.5	0.778326132341422
param_study_model_PROD_0	3	0.4	4	0.2	0.67644227240649
param_study_model_PROD_1	3	0.4	4	0.2	0.6875372181606033
param_study_model_PROD_2	3	0.4	4	0.2	0.6053652750557758
param_study_model_PROD_3	3	0.4	4	0.2	0.6789521117155972
param_study_model_PROD_4	3	0.4	4	0.2	0.7267366467891461
param_study_model_PROD_0	3	0.4	4	0.8	0.7716987196232431
param_study_model_PROD_1	3	0.4	4	0.8	0.8293836724764473
param_study_model_PROD_2	3	0.4	4	0.8	0.6817685601109216
param_study_model_PROD_3	3	0.4	4	0.8	0.784284838542783
param_study_model_PROD_4	3	0.4	4	0.8	0.7678732412663487
param_study_model_PROD_0	3	0.6	3	0.5	0.7020329209180911
param_study_model_PROD_1	3	0.6	3	0.5	0.7420254816741133
param_study_model_PROD_2	3	0.6	3	0.5	0.7307655206850405
param_study_model_PROD_3	3	0.6	3	0.5	0.7419929135253414
param_study_model_PROD_4	3	0.6	3	0.5	0.73787768785376
param_study_model_PROD_0	3	0.6	3	0.2	0.7020329209180911
param_study_model_PROD_1	3	0.6	3	0.2	0.7420254816741133
param_study_model_PROD_2	3	0.6	3	0.2	0.6912171856329882
param_study_model_PROD_3	3	0.6	3	0.2	0.7419929135253414
param_study_model_PROD_4	3	0.6	3	0.2	0.73787768785376
param_study_model_PROD_0	3	0.6	3	0.8	0.751760464007109
param_study_model_PROD_1	3	0.6	3	0.8	0.7965776770488981
param_study_model_PROD_2	3	0.6	3	0.8	0.7396606163758599
param_study_model_PROD_3	3	0.6	3	0.8	0.7737597831557564
param_study_model_PROD_4	3	0.6	3	0.8	0.7703152428433739
param_study_model_PROD_0	3	0.6	2	0.5	0.7020329209180911
param_study_model_PROD_1	3	0.6	2	0.5	0.7420254816741133
param_study_model_PROD_2	3	0.6	2	0.5	0.7307655206850405
param_study_model_PROD_3	3	0.6	2	0.5	0.7419929135253414
param_study_model_PROD_4	3	0.6	2	0.5	0.73787768785376
param_study_model_PROD_0	3	0.6	2	0.2	0.7020329209180911
param_study_model_PROD_1	3	0.6	2	0.2	0.7420254816741133
param_study_model_PROD_2	3	0.6	2	0.2	0.6912171856329882
param_study_model_PROD_3	3	0.6	2	0.2	0.7419929135253414
param_study_model_PROD_4	3	0.6	2	0.2	0.73787768785376
param_study_model_PROD_0	3	0.6	2	0.8	0.751760464007109
param_study_model_PROD_1	3	0.6	2	0.8	0.7970042367942884
param_study_model_PROD_2	3	0.6	2	0.8	0.7433006891410379
param_study_model_PROD_3	3	0.6	2	0.8	0.7709911223756658
param_study_model_PROD_4	3	0.6	2	0.8	0.7768403080552941
param_study_model_PROD_0	3	0.6	4	0.5	0.7020329209180911
param_study_model_PROD_1	3	0.6	4	0.5	0.7420254816741133
param_study_model_PROD_2	3	0.6	4	0.5	0.7307655206850405
param_study_model_PROD_3	3	0.6	4	0.5	0.7419929135253414
param_study_model_PROD_4	3	0.6	4	0.5	0.73787768785376
param_study_model_PROD_0	3	0.6	4	0.2	0.7020329209180911
param_study_model_PROD_1	3	0.6	4	0.2	0.7420254816741133
param_study_model_PROD_2	3	0.6	4	0.2	0.6912171856329882
param_study_model_PROD_3	3	0.6	4	0.2	0.7419929135253414
param_study_model_PROD_4	3	0.6	4	0.2	0.73787768785376
param_study_model_PROD_0	3	0.6	4	0.8	0.7531576301423826
param_study_model_PROD_1	3	0.6	4	0.8	0.7947469143645116
param_study_model_PROD_2	3	0.6	4	0.8	0.7406906249602485
param_study_model_PROD_3	3	0.6	4	0.8	0.7737597831557564
param_study_model_PROD_4	3	0.6	4	0.8	0.7752090117303974
param_study_model_PROD_0	3	0.8	3	0.5	0.5
param_study_model_PROD_1	3	0.8	3	0.5	0.5
param_study_model_PROD_2	3	0.8	3	0.5	0.6050904093854733
param_study_model_PROD_3	3	0.8	3	0.5	0.5
param_study_model_PROD_4	3	0.8	3	0.5	0.5
param_study_model_PROD_0	3	0.8	3	0.2	0.5
param_study_model_PROD_1	3	0.8	3	0.2	0.5
param_study_model_PROD_2	3	0.8	3	0.2	0.6050904093854733
param_study_model_PROD_3	3	0.8	3	0.2	0.5
param_study_model_PROD_4	3	0.8	3	0.2	0.5
param_study_model_PROD_0	3	0.8	3	0.8	0.5
param_study_model_PROD_1	3	0.8	3	0.8	0.5
param_study_model_PROD_2	3	0.8	3	0.8	0.6050904093854733
param_study_model_PROD_3	3	0.8	3	0.8	0.5
param_study_model_PROD_4	3	0.8	3	0.8	0.5
param_study_model_PROD_0	3	0.8	2	0.5	0.5
param_study_model_PROD_1	3	0.8	2	0.5	0.5
param_study_model_PROD_2	3	0.8	2	0.5	0.6050904093854733
param_study_model_PROD_3	3	0.8	2	0.5	0.5
param_study_model_PROD_4	3	0.8	2	0.5	0.5
param_study_model_PROD_0	3	0.8	2	0.2	0.5
param_study_model_PROD_1	3	0.8	2	0.2	0.5
param_study_model_PROD_2	3	0.8	2	0.2	0.6050904093854733
param_study_model_PROD_3	3	0.8	2	0.2	0.5
param_study_model_PROD_4	3	0.8	2	0.2	0.5
param_study_model_PROD_0	3	0.8	2	0.8	0.5
param_study_model_PROD_1	3	0.8	2	0.8	0.5
param_study_model_PROD_2	3	0.8	2	0.8	0.6050904093854733
param_study_model_PROD_3	3	0.8	2	0.8	0.5
param_study_model_PROD_4	3	0.8	2	0.8	0.5
param_study_model_PROD_0	3	0.8	4	0.5	0.5
param_study_model_PROD_1	3	0.8	4	0.5	0.5
param_study_model_PROD_2	3	0.8	4	0.5	0.6050904093854733
param_study_model_PROD_3	3	0.8	4	0.5	0.5
param_study_model_PROD_4	3	0.8	4	0.5	0.5
param_study_model_PROD_0	3	0.8	4	0.2	0.5
param_study_model_PROD_1	3	0.8	4	0.2	0.5
param_study_model_PROD_2	3	0.8	4	0.2	0.6050904093854733
param_study_model_PROD_3	3	0.8	4	0.2	0.5
param_study_model_PROD_4	3	0.8	4	0.2	0.5
param_study_model_PROD_0	3	0.8	4	0.8	0.5
param_study_model_PROD_1	3	0.8	4	0.8	0.5
param_study_model_PROD_2	3	0.8	4	0.8	0.6050904093854733
param_study_model_PROD_3	3	0.8	4	0.8	0.5
param_study_model_PROD_4	3	0.8	4	0.8	0.5
param_study_model_PROD_0	2	0.2	3	0.5	0.699180275563939
param_study_model_PROD_1	2	0.2	3	0.5	0.6536714181079979
param_study_model_PROD_2	2	0.2	3	0.5	0.6678780969215444
param_study_model_PROD_3	2	0.2	3	0.5	0.6450830053784725
param_study_model_PROD_4	2	0.2	3	0.5	0.691549268794315
param_study_model_PROD_0	2	0.2	3	0.2	0.6891488993866484
param_study_model_PROD_1	2	0.2	3	0.2	0.6098233465803143
param_study_model_PROD_2	2	0.2	3	0.2	0.6440418032904495
param_study_model_PROD_3	2	0.2	3	0.2	0.6115062339432976
param_study_model_PROD_4	2	0.2	3	0.2	0.637789781697
param_study_model_PROD_0	2	0.2	3	0.8	0.699180275563939
param_study_model_PROD_1	2	0.2	3	0.8	0.6536714181079979
param_study_model_PROD_2	2	0.2	3	0.8	0.6678780969215444
param_study_model_PROD_3	2	0.2	3	0.8	0.6450830053784725
param_study_model_PROD_4	2	0.2	3	0.8	0.691549268794315
param_study_model_PROD_0	2	0.2	2	0.5	0.699180275563939
param_study_model_PROD_1	2	0.2	2	0.5	0.6536714181079979
param_study_model_PROD_2	2	0.2	2	0.5	0.6678780969215444
param_study_model_PROD_3	2	0.2	2	0.5	0.6450830053784725
param_study_model_PROD_4	2	0.2	2	0.5	0.691549268794315
param_study_model_PROD_0	2	0.2	2	0.2	0.6891488993866484
param_study_model_PROD_1	2	0.2	2	0.2	0.6098233465803143
param_study_model_PROD_2	2	0.2	2	0.2	0.6440418032904495
param_study_model_PROD_3	2	0.2	2	0.2	0.6115062339432976
param_study_model_PROD_4	2	0.2	2	0.2	0.637789781697
param_study_model_PROD_0	2	0.2	2	0.8	0.699180275563939
param_study_model_PROD_1	2	0.2	2	0.8	0.6536714181079979
param_study_model_PROD_2	2	0.2	2	0.8	0.6678780969215444
param_study_model_PROD_3	2	0.2	2	0.8	0.6450830053784725
param_study_model_PROD_4	2	0.2	2	0.8	0.691549268794315
param_study_model_PROD_0	2	0.2	4	0.5	0.699180275563939
param_study_model_PROD_1	2	0.2	4	0.5	0.6536714181079979
param_study_model_PROD_2	2	0.2	4	0.5	0.6678780969215444
param_study_model_PROD_3	2	0.2	4	0.5	0.6450830053784725
param_study_model_PROD_4	2	0.2	4	0.5	0.691549268794315
param_study_model_PROD_0	2	0.2	4	0.2	0.6891488993866484
param_study_model_PROD_1	2	0.2	4	0.2	0.6098233465803143
param_study_model_PROD_2	2	0.2	4	0.2	0.6440418032904495
param_study_model_PROD_3	2	0.2	4	0.2	0.6115062339432976
param_study_model_PROD_4	2	0.2	4	0.2	0.637789781697
param_study_model_PROD_0	2	0.2	4	0.8	0.699180275563939
param_study_model_PROD_1	2	0.2	4	0.8	0.6536714181079979
param_study_model_PROD_2	2	0.2	4	0.8	0.6678780969215444
param_study_model_PROD_3	2	0.2	4	0.8	0.6450830053784725
param_study_model_PROD_4	2	0.2	4	0.8	0.691549268794315
param_study_model_PROD_0	2	0.4	3	0.5	0.5
param_study_model_PROD_1	2	0.4	3	0.5	0.5
param_study_model_PROD_2	2	0.4	3	0.5	0.5
param_study_model_PROD_3	2	0.4	3	0.5	0.5
param_study_model_PROD_4	2	0.4	3	0.5	0.5
param_study_model_PROD_0	2	0.4	3	0.2	0.5
param_study_model_PROD_1	2	0.4	3	0.2	0.5
param_study_model_PROD_2	2	0.4	3	0.2	0.5
param_study_model_PROD_3	2	0.4	3	0.2	0.5
param_study_model_PROD_4	2	0.4	3	0.2	0.5
param_study_model_PROD_0	2	0.4	3	0.8	0.5
param_study_model_PROD_1	2	0.4	3	0.8	0.5
param_study_model_PROD_2	2	0.4	3	0.8	0.5
param_study_model_PROD_3	2	0.4	3	0.8	0.5
param_study_model_PROD_4	2	0.4	3	0.8	0.5
param_study_model_PROD_0	2	0.4	2	0.5	0.5
param_study_model_PROD_1	2	0.4	2	0.5	0.5
param_study_model_PROD_2	2	0.4	2	0.5	0.5
param_study_model_PROD_3	2	0.4	2	0.5	0.5
param_study_model_PROD_4	2	0.4	2	0.5	0.5
param_study_model_PROD_0	2	0.4	2	0.2	0.5
param_study_model_PROD_1	2	0.4	2	0.2	0.5
param_study_model_PROD_2	2	0.4	2	0.2	0.5
param_study_model_PROD_3	2	0.4	2	0.2	0.5
param_study_model_PROD_4	2	0.4	2	0.2	0.5
param_study_model_PROD_0	2	0.4	2	0.8	0.5
param_study_model_PROD_1	2	0.4	2	0.8	0.5
param_study_model_PROD_2	2	0.4	2	0.8	0.5
param_study_model_PROD_3	2	0.4	2	0.8	0.5
param_study_model_PROD_4	2	0.4	2	0.8	0.5
param_study_model_PROD_0	2	0.4	4	0.5	0.5
param_study_model_PROD_1	2	0.4	4	0.5	0.5
param_study_model_PROD_2	2	0.4	4	0.5	0.5
param_study_model_PROD_3	2	0.4	4	0.5	0.5
param_study_model_PROD_4	2	0.4	4	0.5	0.5
param_study_model_PROD_0	2	0.4	4	0.2	0.5
param_study_model_PROD_1	2	0.4	4	0.2	0.5
param_study_model_PROD_2	2	0.4	4	0.2	0.5
param_study_model_PROD_3	2	0.4	4	0.2	0.5
param_study_model_PROD_4	2	0.4	4	0.2	0.5
param_study_model_PROD_0	2	0.4	4	0.8	0.5
param_study_model_PROD_1	2	0.4	4	0.8	0.5
param_study_model_PROD_2	2	0.4	4	0.8	0.5
param_study_model_PROD_3	2	0.4	4	0.8	0.5
param_study_model_PROD_4	2	0.4	4	0.8	0.5
param_study_model_PROD_0	2	0.6	3	0.5	0.5
param_study_model_PROD_1	2	0.6	3	0.5	0.5
param_study_model_PROD_2	2	0.6	3	0.5	0.5
param_study_model_PROD_3	2	0.6	3	0.5	0.5
param_study_model_PROD_4	2	0.6	3	0.5	0.5
param_study_model_PROD_0	2	0.6	3	0.2	0.5
param_study_model_PROD_1	2	0.6	3	0.2	0.5
param_study_model_PROD_2	2	0.6	3	0.2	0.5
param_study_model_PROD_3	2	0.6	3	0.2	0.5
param_study_model_PROD_4	2	0.6	3	0.2	0.5
param_study_model_PROD_0	2	0.6	3	0.8	0.5
param_study_model_PROD_1	2	0.6	3	0.8	0.5
param_study_model_PROD_2	2	0.6	3	0.8	0.5
param_study_model_PROD_3	2	0.6	3	0.8	0.5
param_study_model_PROD_4	2	0.6	3	0.8	0.5
param_study_model_PROD_0	2	0.6	2	0.5	0.5
param_study_model_PROD_1	2	0.6	2	0.5	0.5
param_study_model_PROD_2	2	0.6	2	0.5	0.5
param_study_model_PROD_3	2	0.6	2	0.5	0.5
param_study_model_PROD_4	2	0.6	2	0.5	0.5
param_study_model_PROD_0	2	0.6	2	0.2	0.5
param_study_model_PROD_1	2	0.6	2	0.2	0.5
param_study_model_PROD_2	2	0.6	2	0.2	0.5
param_study_model_PROD_3	2	0.6	2	0.2	0.5
param_study_model_PROD_4	2	0.6	2	0.2	0.5
param_study_model_PROD_0	2	0.6	2	0.8	0.5
param_study_model_PROD_1	2	0.6	2	0.8	0.5
param_study_model_PROD_2	2	0.6	2	0.8	0.5
param_study_model_PROD_3	2	0.6	2	0.8	0.5
param_study_model_PROD_4	2	0.6	2	0.8	0.5
param_study_model_PROD_0	2	0.6	4	0.5	0.5
param_study_model_PROD_1	2	0.6	4	0.5	0.5
param_study_model_PROD_2	2	0.6	4	0.5	0.5
param_study_model_PROD_3	2	0.6	4	0.5	0.5
param_study_model_PROD_4	2	0.6	4	0.5	0.5
param_study_model_PROD_0	2	0.6	4	0.2	0.5
param_study_model_PROD_1	2	0.6	4	0.2	0.5
param_study_model_PROD_2	2	0.6	4	0.2	0.5
param_study_model_PROD_3	2	0.6	4	0.2	0.5
param_study_model_PROD_4	2	0.6	4	0.2	0.5
param_study_model_PROD_0	2	0.6	4	0.8	0.5
param_study_model_PROD_1	2	0.6	4	0.8	0.5
param_study_model_PROD_2	2	0.6	4	0.8	0.5
param_study_model_PROD_3	2	0.6	4	0.8	0.5
param_study_model_PROD_4	2	0.6	4	0.8	0.5
param_study_model_PROD_0	2	0.8	3	0.5	0.5
param_study_model_PROD_1	2	0.8	3	0.5	0.5
param_study_model_PROD_2	2	0.8	3	0.5	0.5
param_study_model_PROD_3	2	0.8	3	0.5	0.5
param_study_model_PROD_4	2	0.8	3	0.5	0.5
param_study_model_PROD_0	2	0.8	3	0.2	0.5
param_study_model_PROD_1	2	0.8	3	0.2	0.5
param_study_model_PROD_2	2	0.8	3	0.2	0.5
param_study_model_PROD_3	2	0.8	3	0.2	0.5
param_study_model_PROD_4	2	0.8	3	0.2	0.5
param_study_model_PROD_0	2	0.8	3	0.8	0.5
param_study_model_PROD_1	2	0.8	3	0.8	0.5
param_study_model_PROD_2	2	0.8	3	0.8	0.5
param_study_model_PROD_3	2	0.8	3	0.8	0.5
param_study_model_PROD_4	2	0.8	3	0.8	0.5
param_study_model_PROD_0	2	0.8	2	0.5	0.5
param_study_model_PROD_1	2	0.8	2	0.5	0.5
param_study_model_PROD_2	2	0.8	2	0.5	0.5
param_study_model_PROD_3	2	0.8	2	0.5	0.5
param_study_model_PROD_4	2	0.8	2	0.5	0.5
param_study_model_PROD_0	2	0.8	2	0.2	0.5
param_study_model_PROD_1	2	0.8	2	0.2	0.5
param_study_model_PROD_2	2	0.8	2	0.2	0.5
param_study_model_PROD_3	2	0.8	2	0.2	0.5
param_study_model_PROD_4	2	0.8	2	0.2	0.5
param_study_model_PROD_0	2	0.8	2	0.8	0.5
param_study_model_PROD_1	2	0.8	2	0.8	0.5
param_study_model_PROD_2	2	0.8	2	0.8	0.5
param_study_model_PROD_3	2	0.8	2	0.8	0.5
param_study_model_PROD_4	2	0.8	2	0.8	0.5
param_study_model_PROD_0	2	0.8	4	0.5	0.5
param_study_model_PROD_1	2	0.8	4	0.5	0.5
param_study_model_PROD_2	2	0.8	4	0.5	0.5
param_study_model_PROD_3	2	0.8	4	0.5	0.5
param_study_model_PROD_4	2	0.8	4	0.5	0.5
param_study_model_PROD_0	2	0.8	4	0.2	0.5
param_study_model_PROD_1	2	0.8	4	0.2	0.5
param_study_model_PROD_2	2	0.8	4	0.2	0.5
param_study_model_PROD_3	2	0.8	4	0.2	0.5
param_study_model_PROD_4	2	0.8	4	0.2	0.5
param_study_model_PROD_0	2	0.8	4	0.8	0.5
param_study_model_PROD_1	2	0.8	4	0.8	0.5
param_study_model_PROD_2	2	0.8	4	0.8	0.5
param_study_model_PROD_3	2	0.8	4	0.8	0.5
param_study_model_PROD_4	2	0.8	4	0.8	0.5
param_study_model_PROD_0	3	0.2	3	0.1	0.7061929759842005
param_study_model_PROD_1	3	0.2	3	0.1	0.6701918847387743
param_study_model_PROD_2	3	0.2	3	0.1	0.6662404404675062
param_study_model_PROD_3	3	0.2	3	0.1	0.7018439516219389
param_study_model_PROD_4	3	0.2	3	0.1	0.7024429085508465
param_study_model_PROD_0	3	0.2	3	0.3	0.7623353811022742
param_study_model_PROD_1	3	0.2	3	0.3	0.7860494495969305
param_study_model_PROD_2	3	0.2	3	0.3	0.7186227492073475
param_study_model_PROD_3	3	0.2	3	0.3	0.7625369535763594
param_study_model_PROD_4	3	0.2	3	0.3	0.7778048966583856
param_study_model_PROD_0	3	0.2	3	0.4	0.7972731490874485
param_study_model_PROD_1	3	0.2	3	0.4	0.8250452388314553
param_study_model_PROD_2	3	0.2	3	0.4	0.7925014771138497
param_study_model_PROD_3	3	0.2	3	0.4	0.7846018991605691
param_study_model_PROD_4	3	0.2	3	0.4	0.7991302552353847
param_study_model_PROD_0	3	0.2	3	0.6	0.819420218713439
param_study_model_PROD_1	3	0.2	3	0.6	0.8334463568185658
param_study_model_PROD_2	3	0.2	3	0.6	0.7568614639828207
param_study_model_PROD_3	3	0.2	3	0.6	0.7892983668993516
param_study_model_PROD_4	3	0.2	3	0.6	0.8343344580959048
param_study_model_PROD_0	3	0.2	3	0.7	0.8314285282333749
param_study_model_PROD_1	3	0.2	3	0.7	0.85316054811026
param_study_model_PROD_2	3	0.2	3	0.7	0.7518084857904279
param_study_model_PROD_3	3	0.2	3	0.7	0.799252257068403
param_study_model_PROD_4	3	0.2	3	0.7	0.8150990016163369
param_study_model_PROD_0	3	0.2	3	0.9	0.7994553067086194
param_study_model_PROD_1	3	0.2	3	0.9	0.8177854051601651
param_study_model_PROD_2	3	0.2	3	0.9	0.7313247418789537
param_study_model_PROD_3	3	0.2	3	0.9	0.807038251590867
param_study_model_PROD_4	3	0.2	3	0.9	0.8370624654432748
param_study_model_PROD_0	3	0.2	2	0.1	0.7213157843977025
param_study_model_PROD_1	3	0.2	2	0.1	0.6558568047814556
param_study_model_PROD_2	3	0.2	2	0.1	0.670392969594413
param_study_model_PROD_3	3	0.2	2	0.1	0.6551384241574745
param_study_model_PROD_4	3	0.2	2	0.1	0.7213790529108769
param_study_model_PROD_0	3	0.2	2	0.3	0.8020420045624991
param_study_model_PROD_1	3	0.2	2	0.3	0.7992754136527167
param_study_model_PROD_2	3	0.2	2	0.3	0.7862948351581699
param_study_model_PROD_3	3	0.2	2	0.3	0.7635461887983914
param_study_model_PROD_4	3	0.2	2	0.3	0.7913961117557615
param_study_model_PROD_0	3	0.2	2	0.4	0.8047928728010457
param_study_model_PROD_1	3	0.2	2	0.4	0.8005358306243658
param_study_model_PROD_2	3	0.2	2	0.4	0.7826756869779768
param_study_model_PROD_3	3	0.2	2	0.4	0.7650067638947476
param_study_model_PROD_4	3	0.2	2	0.4	0.7960900481543325
param_study_model_PROD_0	3	0.2	2	0.6	0.8083067747482926
param_study_model_PROD_1	3	0.2	2	0.6	0.8190407280811743
param_study_model_PROD_2	3	0.2	2	0.6	0.7859032527702892
param_study_model_PROD_3	3	0.2	2	0.6	0.7916140658154324
param_study_model_PROD_4	3	0.2	2	0.6	0.801724218069331
param_study_model_PROD_0	3	0.2	2	0.7	0.8473291444009747
param_study_model_PROD_1	3	0.2	2	0.7	0.8455059555939686
param_study_model_PROD_2	3	0.2	2	0.7	0.7880725025178146
param_study_model_PROD_3	3	0.2	2	0.7	0.7760555830854605
param_study_model_PROD_4	3	0.2	2	0.7	0.8121871002128367
param_study_model_PROD_0	3	0.2	2	0.9	0.7973842166163072
param_study_model_PROD_1	3	0.2	2	0.9	0.83445332413151
param_study_model_PROD_2	3	0.2	2	0.9	0.7910192893971675
param_study_model_PROD_3	3	0.2	2	0.9	0.8010317251837626
param_study_model_PROD_4	3	0.2	2	0.9	0.8263656195282835
param_study_model_PROD_0	3	0.2	4	0.1	0.714612626017129
param_study_model_PROD_1	3	0.2	4	0.1	0.682020181539106
param_study_model_PROD_2	3	0.2	4	0.1	0.6690967496342842
param_study_model_PROD_3	3	0.2	4	0.1	0.6720799214533646
param_study_model_PROD_4	3	0.2	4	0.1	0.6883179328491434
param_study_model_PROD_0	3	0.2	4	0.3	0.7099312224980588
param_study_model_PROD_1	3	0.2	4	0.3	0.798441691749959
param_study_model_PROD_2	3	0.2	4	0.3	0.702898687119966
param_study_model_PROD_3	3	0.2	4	0.3	0.7262675764455223
param_study_model_PROD_4	3	0.2	4	0.3	0.7945674734408842
param_study_model_PROD_0	3	0.2	4	0.4	0.7609416523671738
param_study_model_PROD_1	3	0.2	4	0.4	0.8079233036138284
param_study_model_PROD_2	3	0.2	4	0.4	0.781409228083364
param_study_model_PROD_3	3	0.2	4	0.4	0.8085379233552652
param_study_model_PROD_4	3	0.2	4	0.4	0.7980318877539005
param_study_model_PROD_0	3	0.2	4	0.6	0.7805843480962422
param_study_model_PROD_1	3	0.2	4	0.6	0.8247600855047357
param_study_model_PROD_2	3	0.2	4	0.6	0.7427594191694282
param_study_model_PROD_3	3	0.2	4	0.6	0.7748291741683996
param_study_model_PROD_4	3	0.2	4	0.6	0.8210164334850505
param_study_model_PROD_0	3	0.2	4	0.7	0.7954102442803503
param_study_model_PROD_1	3	0.2	4	0.7	0.8485074972969613
param_study_model_PROD_2	3	0.2	4	0.7	0.7449728912063771
param_study_model_PROD_3	3	0.2	4	0.7	0.794262466099984
param_study_model_PROD_4	3	0.2	4	0.7	0.8226523687641261
param_study_model_PROD_0	3	0.2	4	0.9	0.7803579095946505
param_study_model_PROD_1	3	0.2	4	0.9	0.8531229449620892
param_study_model_PROD_2	3	0.2	4	0.9	0.7284463150956323
param_study_model_PROD_3	3	0.2	4	0.9	0.8030032475531488
param_study_model_PROD_4	3	0.2	4	0.9	0.8368634647380107
param_study_model_PROD_0	3	0.4	3	0.1	0.6647868302660715
param_study_model_PROD_1	3	0.4	3	0.1	0.6843853097842935
param_study_model_PROD_2	3	0.4	3	0.1	0.5911441676027724
param_study_model_PROD_3	3	0.4	3	0.1	0.6875907314147073
param_study_model_PROD_4	3	0.4	3	0.1	0.6992575591495837
param_study_model_PROD_0	3	0.4	3	0.3	0.6926868354703538
param_study_model_PROD_1	3	0.4	3	0.3	0.712066733198309
param_study_model_PROD_2	3	0.4	3	0.3	0.5968821401369525
param_study_model_PROD_3	3	0.4	3	0.3	0.6987095080255301
param_study_model_PROD_4	3	0.4	3	0.3	0.7398639685669482
param_study_model_PROD_0	3	0.4	3	0.4	0.7298752571966153
param_study_model_PROD_1	3	0.4	3	0.4	0.7946919981927213
param_study_model_PROD_2	3	0.4	3	0.4	0.7101490615793129
param_study_model_PROD_3	3	0.4	3	0.4	0.7456017650614174
param_study_model_PROD_4	3	0.4	3	0.4	0.760458100784708
param_study_model_PROD_0	3	0.4	3	0.6	0.7618397310410614
param_study_model_PROD_1	3	0.4	3	0.6	0.7949702322264238
param_study_model_PROD_2	3	0.4	3	0.6	0.7037955744858874
param_study_model_PROD_3	3	0.4	3	0.6	0.785977144295265
param_study_model_PROD_4	3	0.4	3	0.6	0.7784934490433819
param_study_model_PROD_0	3	0.4	3	0.7	0.7691961166042871
param_study_model_PROD_1	3	0.4	3	0.7	0.8101808379610372
param_study_model_PROD_2	3	0.4	3	0.7	0.7007564419154297
param_study_model_PROD_3	3	0.4	3	0.7	0.8022730489930683
param_study_model_PROD_4	3	0.4	3	0.7	0.7800292638547317
param_study_model_PROD_0	3	0.4	3	0.9	0.7690761756279687
param_study_model_PROD_1	3	0.4	3	0.9	0.8154754213145909
param_study_model_PROD_2	3	0.4	3	0.9	0.6809232082349725
param_study_model_PROD_3	3	0.4	3	0.9	0.7928905630193492
param_study_model_PROD_4	3	0.4	3	0.9	0.7859313897980905
param_study_model_PROD_0	3	0.4	2	0.1	0.6615520810978227
param_study_model_PROD_1	3	0.4	2	0.1	0.6606417209119378
param_study_model_PROD_2	3	0.4	2	0.1	0.6325863040129796
param_study_model_PROD_3	3	0.4	2	0.1	0.6446409624945827
param_study_model_PROD_4	3	0.4	2	0.1	0.6635651714244961
param_study_model_PROD_0	3	0.4	2	0.3	0.7147090227592422
param_study_model_PROD_1	3	0.4	2	0.3	0.7400345231500303
param_study_model_PROD_2	3	0.4	2	0.3	0.7010316146564619
param_study_model_PROD_3	3	0.4	2	0.3	0.7084196865728188
param_study_model_PROD_4	3	0.4	2	0.3	0.7119794382247422
param_study_model_PROD_0	3	0.4	2	0.4	0.729117694814543
param_study_model_PROD_1	3	0.4	2	0.4	0.7696048688223985
param_study_model_PROD_2	3	0.4	2	0.4	0.7599282853696158
param_study_model_PROD_3	3	0.4	2	0.4	0.737713091254509
param_study_model_PROD_4	3	0.4	2	0.4	0.7503332003184741
param_study_model_PROD_0	3	0.4	2	0.6	0.7434287912960749
param_study_model_PROD_1	3	0.4	2	0.6	0.7777591740849938
param_study_model_PROD_2	3	0.4	2	0.6	0.7333680644221757
param_study_model_PROD_3	3	0.4	2	0.6	0.7554814989444185
param_study_model_PROD_4	3	0.4	2	0.6	0.768817514885369
param_study_model_PROD_0	3	0.4	2	0.7	0.7823238916076559
param_study_model_PROD_1	3	0.4	2	0.7	0.8228475286333395
param_study_model_PROD_2	3	0.4	2	0.7	0.6900988465233533
param_study_model_PROD_3	3	0.4	2	0.7	0.77830778460878
param_study_model_PROD_4	3	0.4	2	0.7	0.7777060203885375
param_study_model_PROD_0	3	0.4	2	0.9	0.7741115133274323
param_study_model_PROD_1	3	0.4	2	0.9	0.8228906568261118
param_study_model_PROD_2	3	0.4	2	0.9	0.6876277392948145
param_study_model_PROD_3	3	0.4	2	0.9	0.7662883047858597
param_study_model_PROD_4	3	0.4	2	0.9	0.7877448389509838
param_study_model_PROD_0	3	0.4	4	0.1	0.6730793498476318
param_study_model_PROD_1	3	0.4	4	0.1	0.6813865078156675
param_study_model_PROD_2	3	0.4	4	0.1	0.6073011149403602
param_study_model_PROD_3	3	0.4	4	0.1	0.6789521117155972
param_study_model_PROD_4	3	0.4	4	0.1	0.7267366467891461
param_study_model_PROD_0	3	0.4	4	0.3	0.6830899294950148
param_study_model_PROD_1	3	0.4	4	0.3	0.6998726232895738
param_study_model_PROD_2	3	0.4	4	0.3	0.6123455430125132
param_study_model_PROD_3	3	0.4	4	0.3	0.7057565837717678
param_study_model_PROD_4	3	0.4	4	0.3	0.7362437257071799
param_study_model_PROD_0	3	0.4	4	0.4	0.7374303951606558
param_study_model_PROD_1	3	0.4	4	0.4	0.7666391659816862
param_study_model_PROD_2	3	0.4	4	0.4	0.7062384877057153
param_study_model_PROD_3	3	0.4	4	0.4	0.7553427230319752
param_study_model_PROD_4	3	0.4	4	0.4	0.7750518546093006
param_study_model_PROD_0	3	0.4	4	0.6	0.7347112283039599
param_study_model_PROD_1	3	0.4	4	0.6	0.7786094324099891
param_study_model_PROD_2	3	0.4	4	0.6	0.7030220293981044
param_study_model_PROD_3	3	0.4	4	0.6	0.7811121710643838
param_study_model_PROD_4	3	0.4	4	0.6	0.7779451681383934
param_study_model_PROD_0	3	0.4	4	0.7	0.7602432517224293
param_study_model_PROD_1	3	0.4	4	0.7	0.8217503373169053
param_study_model_PROD_2	3	0.4	4	0.7	0.7006650977373812
param_study_model_PROD_3	3	0.4	4	0.7	0.7833974959519451
param_study_model_PROD_4	3	0.4	4	0.7	0.7837928823142242
param_study_model_PROD_0	3	0.4	4	0.9	0.76592671474104
param_study_model_PROD_1	3	0.4	4	0.9	0.8330225294607311
param_study_model_PROD_2	3	0.4	4	0.9	0.6767937952260069
param_study_model_PROD_3	3	0.4	4	0.9	0.7855931750399994
param_study_model_PROD_4	3	0.4	4	0.9	0.760591550478371
param_study_model_PROD_0	3	0.6	3	0.1	0.7020329209180911
param_study_model_PROD_1	3	0.6	3	0.1	0.7420254816741133
param_study_model_PROD_2	3	0.6	3	0.1	0.6912171856329882
param_study_model_PROD_3	3	0.6	3	0.1	0.7419929135253414
param_study_model_PROD_4	3	0.6	3	0.1	0.73787768785376
param_study_model_PROD_0	3	0.6	3	0.3	0.7020329209180911
param_study_model_PROD_1	3	0.6	3	0.3	0.7420254816741133
param_study_model_PROD_2	3	0.6	3	0.3	0.6912171856329882
param_study_model_PROD_3	3	0.6	3	0.3	0.7419929135253414
param_study_model_PROD_4	3	0.6	3	0.3	0.73787768785376
param_study_model_PROD_0	3	0.6	3	0.4	0.7020329209180911
param_study_model_PROD_1	3	0.6	3	0.4	0.7420254816741133
param_study_model_PROD_2	3	0.6	3	0.4	0.6912171856329882
param_study_model_PROD_3	3	0.6	3	0.4	0.7419929135253414
param_study_model_PROD_4	3	0.6	3	0.4	0.73787768785376
param_study_model_PROD_0	3	0.6	3	0.6	0.7417883691885832
param_study_model_PROD_1	3	0.6	3	0.6	0.7637896744467308
param_study_model_PROD_2	3	0.6	3	0.6	0.7438581982092535
param_study_model_PROD_3	3	0.6	3	0.6	0.7547959740753394
param_study_model_PROD_4	3	0.6	3	0.6	0.754651516862953
param_study_model_PROD_0	3	0.6	3	0.7	0.7511706454200859
param_study_model_PROD_1	3	0.6	3	0.7	0.790546573902946
param_study_model_PROD_2	3	0.6	3	0.7	0.7248054020843695
param_study_model_PROD_3	3	0.6	3	0.7	0.7769823377561544
param_study_model_PROD_4	3	0.6	3	0.7	0.7620121879565027
param_study_model_PROD_0	3	0.6	3	0.9	0.7508121906170631
param_study_model_PROD_1	3	0.6	3	0.9	0.7948830939264837
param_study_model_PROD_2	3	0.6	3	0.9	0.7400240150075665
param_study_model_PROD_3	3	0.6	3	0.9	0.7660611387027665
param_study_model_PROD_4	3	0.6	3	0.9	0.7754449225008859
param_study_model_PROD_0	3	0.6	2	0.1	0.7020329209180911
param_study_model_PROD_1	3	0.6	2	0.1	0.7420254816741133
param_study_model_PROD_2	3	0.6	2	0.1	0.6912171856329882
param_study_model_PROD_3	3	0.6	2	0.1	0.7419929135253414
param_study_model_PROD_4	3	0.6	2	0.1	0.73787768785376
param_study_model_PROD_0	3	0.6	2	0.3	0.7020329209180911
param_study_model_PROD_1	3	0.6	2	0.3	0.7420254816741133
param_study_model_PROD_2	3	0.6	2	0.3	0.6912171856329882
param_study_model_PROD_3	3	0.6	2	0.3	0.7419929135253414
param_study_model_PROD_4	3	0.6	2	0.3	0.73787768785376
param_study_model_PROD_0	3	0.6	2	0.4	0.7020329209180911
param_study_model_PROD_1	3	0.6	2	0.4	0.7420254816741133
param_study_model_PROD_2	3	0.6	2	0.4	0.6912171856329882
param_study_model_PROD_3	3	0.6	2	0.4	0.7419929135253414
param_study_model_PROD_4	3	0.6	2	0.4	0.73787768785376
param_study_model_PROD_0	3	0.6	2	0.6	0.7417883691885832
param_study_model_PROD_1	3	0.6	2	0.6	0.7637896744467308
param_study_model_PROD_2	3	0.6	2	0.6	0.7438581982092535
param_study_model_PROD_3	3	0.6	2	0.6	0.7619988573590422
param_study_model_PROD_4	3	0.6	2	0.6	0.7603235026598898
param_study_model_PROD_0	3	0.6	2	0.7	0.7470048742407526
param_study_model_PROD_1	3	0.6	2	0.7	0.7916767762677303
param_study_model_PROD_2	3	0.6	2	0.7	0.7248054020843695
param_study_model_PROD_3	3	0.6	2	0.7	0.7750685370084212
param_study_model_PROD_4	3	0.6	2	0.7	0.7623485560010075
param_study_model_PROD_0	3	0.6	2	0.9	0.7507793386737804
param_study_model_PROD_1	3	0.6	2	0.9	0.792695508098286
param_study_model_PROD_2	3	0.6	2	0.9	0.740208078793716
param_study_model_PROD_3	3	0.6	2	0.9	0.7654233368245735
param_study_model_PROD_4	3	0.6	2	0.9	0.7812449226225364
param_study_model_PROD_0	3	0.6	4	0.1	0.7020329209180911
param_study_model_PROD_1	3	0.6	4	0.1	0.7420254816741133
param_study_model_PROD_2	3	0.6	4	0.1	0.6912171856329882
param_study_model_PROD_3	3	0.6	4	0.1	0.7419929135253414
param_study_model_PROD_4	3	0.6	4	0.1	0.73787768785376
param_study_model_PROD_0	3	0.6	4	0.3	0.7020329209180911
param_study_model_PROD_1	3	0.6	4	0.3	0.7420254816741133
param_study_model_PROD_2	3	0.6	4	0.3	0.6912171856329882
param_study_model_PROD_3	3	0.6	4	0.3	0.7419929135253414
param_study_model_PROD_4	3	0.6	4	0.3	0.73787768785376
param_study_model_PROD_0	3	0.6	4	0.4	0.7020329209180911
param_study_model_PROD_1	3	0.6	4	0.4	0.7420254816741133
param_study_model_PROD_2	3	0.6	4	0.4	0.6912171856329882
param_study_model_PROD_3	3	0.6	4	0.4	0.7419929135253414
param_study_model_PROD_4	3	0.6	4	0.4	0.73787768785376
param_study_model_PROD_0	3	0.6	4	0.6	0.7417883691885832
param_study_model_PROD_1	3	0.6	4	0.6	0.7637896744467308
param_study_model_PROD_2	3	0.6	4	0.6	0.7438581982092535
param_study_model_PROD_3	3	0.6	4	0.6	0.7603487066670013
param_study_model_PROD_4	3	0.6	4	0.6	0.7603235026598898
param_study_model_PROD_0	3	0.6	4	0.7	0.7508244482966737
param_study_model_PROD_1	3	0.6	4	0.7	0.789625033591874
param_study_model_PROD_2	3	0.6	4	0.7	0.7248054020843695
param_study_model_PROD_3	3	0.6	4	0.7	0.7769823377561544
param_study_model_PROD_4	3	0.6	4	0.7	0.7652808842552978
param_study_model_PROD_0	3	0.6	4	0.9	0.7515954983039637
param_study_model_PROD_1	3	0.6	4	0.9	0.7948830939264837
param_study_model_PROD_2	3	0.6	4	0.9	0.7419223587966459
param_study_model_PROD_3	3	0.6	4	0.9	0.7738461469320626
param_study_model_PROD_4	3	0.6	4	0.9	0.7754449225008859
param_study_model_PROD_0	3	0.8	3	0.1	0.5
param_study_model_PROD_1	3	0.8	3	0.1	0.5
param_study_model_PROD_2	3	0.8	3	0.1	0.6050904093854733
param_study_model_PROD_3	3	0.8	3	0.1	0.5
param_study_model_PROD_4	3	0.8	3	0.1	0.5
param_study_model_PROD_0	3	0.8	3	0.3	0.5
param_study_model_PROD_1	3	0.8	3	0.3	0.5
param_study_model_PROD_2	3	0.8	3	0.3	0.6050904093854733
param_study_model_PROD_3	3	0.8	3	0.3	0.5
param_study_model_PROD_4	3	0.8	3	0.3	0.5
param_study_model_PROD_0	3	0.8	3	0.4	0.5
param_study_model_PROD_1	3	0.8	3	0.4	0.5
param_study_model_PROD_2	3	0.8	3	0.4	0.6050904093854733
param_study_model_PROD_3	3	0.8	3	0.4	0.5
param_study_model_PROD_4	3	0.8	3	0.4	0.5
param_study_model_PROD_0	3	0.8	3	0.6	0.5
param_study_model_PROD_1	3	0.8	3	0.6	0.5
param_study_model_PROD_2	3	0.8	3	0.6	0.6050904093854733
param_study_model_PROD_3	3	0.8	3	0.6	0.5
param_study_model_PROD_4	3	0.8	3	0.6	0.5
param_study_model_PROD_0	3	0.8	3	0.7	0.5
param_study_model_PROD_1	3	0.8	3	0.7	0.5
param_study_model_PROD_2	3	0.8	3	0.7	0.6050904093854733
param_study_model_PROD_3	3	0.8	3	0.7	0.5
param_study_model_PROD_4	3	0.8	3	0.7	0.5
param_study_model_PROD_0	3	0.8	3	0.9	0.5
param_study_model_PROD_1	3	0.8	3	0.9	0.5
param_study_model_PROD_2	3	0.8	3	0.9	0.6050904093854733
param_study_model_PROD_3	3	0.8	3	0.9	0.5
param_study_model_PROD_4	3	0.8	3	0.9	0.5
param_study_model_PROD_0	3	0.8	2	0.1	0.5
param_study_model_PROD_1	3	0.8	2	0.1	0.5
param_study_model_PROD_2	3	0.8	2	0.1	0.6050904093854733
param_study_model_PROD_3	3	0.8	2	0.1	0.5
param_study_model_PROD_4	3	0.8	2	0.1	0.5
param_study_model_PROD_0	3	0.8	2	0.3	0.5
param_study_model_PROD_1	3	0.8	2	0.3	0.5
param_study_model_PROD_2	3	0.8	2	0.3	0.6050904093854733
param_study_model_PROD_3	3	0.8	2	0.3	0.5
param_study_model_PROD_4	3	0.8	2	0.3	0.5
param_study_model_PROD_0	3	0.8	2	0.4	0.5
param_study_model_PROD_1	3	0.8	2	0.4	0.5
param_study_model_PROD_2	3	0.8	2	0.4	0.6050904093854733
param_study_model_PROD_3	3	0.8	2	0.4	0.5
param_study_model_PROD_4	3	0.8	2	0.4	0.5
param_study_model_PROD_0	3	0.8	2	0.6	0.5
param_study_model_PROD_1	3	0.8	2	0.6	0.5
param_study_model_PROD_2	3	0.8	2	0.6	0.6050904093854733
param_study_model_PROD_3	3	0.8	2	0.6	0.5
param_study_model_PROD_4	3	0.8	2	0.6	0.5
param_study_model_PROD_0	3	0.8	2	0.7	0.5
param_study_model_PROD_1	3	0.8	2	0.7	0.5
param_study_model_PROD_2	3	0.8	2	0.7	0.6050904093854733
param_study_model_PROD_3	3	0.8	2	0.7	0.5
param_study_model_PROD_4	3	0.8	2	0.7	0.5
param_study_model_PROD_0	3	0.8	2	0.9	0.5
param_study_model_PROD_1	3	0.8	2	0.9	0.5
param_study_model_PROD_2	3	0.8	2	0.9	0.6050904093854733
param_study_model_PROD_3	3	0.8	2	0.9	0.5
param_study_model_PROD_4	3	0.8	2	0.9	0.5
param_study_model_PROD_0	3	0.8	4	0.1	0.5
param_study_model_PROD_1	3	0.8	4	0.1	0.5
param_study_model_PROD_2	3	0.8	4	0.1	0.6050904093854733
param_study_model_PROD_3	3	0.8	4	0.1	0.5
param_study_model_PROD_4	3	0.8	4	0.1	0.5
param_study_model_PROD_0	3	0.8	4	0.3	0.5
param_study_model_PROD_1	3	0.8	4	0.3	0.5
param_study_model_PROD_2	3	0.8	4	0.3	0.6050904093854733
param_study_model_PROD_3	3	0.8	4	0.3	0.5
param_study_model_PROD_4	3	0.8	4	0.3	0.5
param_study_model_PROD_0	3	0.8	4	0.4	0.5
param_study_model_PROD_1	3	0.8	4	0.4	0.5
param_study_model_PROD_2	3	0.8	4	0.4	0.6050904093854733
param_study_model_PROD_3	3	0.8	4	0.4	0.5
param_study_model_PROD_4	3	0.8	4	0.4	0.5
param_study_model_PROD_0	3	0.8	4	0.6	0.5
param_study_model_PROD_1	3	0.8	4	0.6	0.5
param_study_model_PROD_2	3	0.8	4	0.6	0.6050904093854733
param_study_model_PROD_3	3	0.8	4	0.6	0.5
param_study_model_PROD_4	3	0.8	4	0.6	0.5
param_study_model_PROD_0	3	0.8	4	0.7	0.5
param_study_model_PROD_1	3	0.8	4	0.7	0.5
param_study_model_PROD_2	3	0.8	4	0.7	0.6050904093854733
param_study_model_PROD_3	3	0.8	4	0.7	0.5
param_study_model_PROD_4	3	0.8	4	0.7	0.5
param_study_model_PROD_0	3	0.8	4	0.9	0.5
param_study_model_PROD_1	3	0.8	4	0.9	0.5
param_study_model_PROD_2	3	0.8	4	0.9	0.6050904093854733
param_study_model_PROD_3	3	0.8	4	0.9	0.5
param_study_model_PROD_4	3	0.8	4	0.9	0.5
param_study_model_PROD_0	2	0.2	3	0.1	0.6891488993866484
param_study_model_PROD_1	2	0.2	3	0.1	0.6098233465803143
param_study_model_PROD_2	2	0.2	3	0.1	0.6440418032904495
param_study_model_PROD_3	2	0.2	3	0.1	0.5789829982517352
param_study_model_PROD_4	2	0.2	3	0.1	0.637789781697
param_study_model_PROD_0	2	0.2	3	0.3	0.699180275563939
param_study_model_PROD_1	2	0.2	3	0.3	0.6536714181079979
param_study_model_PROD_2	2	0.2	3	0.3	0.6678780969215444
param_study_model_PROD_3	2	0.2	3	0.3	0.6450830053784725
param_study_model_PROD_4	2	0.2	3	0.3	0.637789781697
param_study_model_PROD_0	2	0.2	3	0.4	0.699180275563939
param_study_model_PROD_1	2	0.2	3	0.4	0.6536714181079979
param_study_model_PROD_2	2	0.2	3	0.4	0.6678780969215444
param_study_model_PROD_3	2	0.2	3	0.4	0.6450830053784725
param_study_model_PROD_4	2	0.2	3	0.4	0.691549268794315
param_study_model_PROD_0	2	0.2	3	0.6	0.699180275563939
param_study_model_PROD_1	2	0.2	3	0.6	0.6536714181079979
param_study_model_PROD_2	2	0.2	3	0.6	0.6678780969215444
param_study_model_PROD_3	2	0.2	3	0.6	0.6450830053784725
param_study_model_PROD_4	2	0.2	3	0.6	0.691549268794315
param_study_model_PROD_0	2	0.2	3	0.7	0.699180275563939
param_study_model_PROD_1	2	0.2	3	0.7	0.6536714181079979
param_study_model_PROD_2	2	0.2	3	0.7	0.6678780969215444
param_study_model_PROD_3	2	0.2	3	0.7	0.6450830053784725
param_study_model_PROD_4	2	0.2	3	0.7	0.691549268794315
param_study_model_PROD_0	2	0.2	3	0.9	0.699180275563939
param_study_model_PROD_1	2	0.2	3	0.9	0.6536714181079979
param_study_model_PROD_2	2	0.2	3	0.9	0.6678780969215444
param_study_model_PROD_3	2	0.2	3	0.9	0.6450830053784725
param_study_model_PROD_4	2	0.2	3	0.9	0.691549268794315
param_study_model_PROD_0	2	0.2	2	0.1	0.6891488993866484
param_study_model_PROD_1	2	0.2	2	0.1	0.6098233465803143
param_study_model_PROD_2	2	0.2	2	0.1	0.6440418032904495
param_study_model_PROD_3	2	0.2	2	0.1	0.5789829982517352
param_study_model_PROD_4	2	0.2	2	0.1	0.637789781697
param_study_model_PROD_0	2	0.2	2	0.3	0.699180275563939
param_study_model_PROD_1	2	0.2	2	0.3	0.6536714181079979
param_study_model_PROD_2	2	0.2	2	0.3	0.6678780969215444
param_study_model_PROD_3	2	0.2	2	0.3	0.6450830053784725
param_study_model_PROD_4	2	0.2	2	0.3	0.637789781697
param_study_model_PROD_0	2	0.2	2	0.4	0.699180275563939
param_study_model_PROD_1	2	0.2	2	0.4	0.6536714181079979
param_study_model_PROD_2	2	0.2	2	0.4	0.6678780969215444
param_study_model_PROD_3	2	0.2	2	0.4	0.6450830053784725
param_study_model_PROD_4	2	0.2	2	0.4	0.691549268794315
param_study_model_PROD_0	2	0.2	2	0.6	0.699180275563939
param_study_model_PROD_1	2	0.2	2	0.6	0.6536714181079979
param_study_model_PROD_2	2	0.2	2	0.6	0.6678780969215444
param_study_model_PROD_3	2	0.2	2	0.6	0.6450830053784725
param_study_model_PROD_4	2	0.2	2	0.6	0.691549268794315
param_study_model_PROD_0	2	0.2	2	0.7	0.699180275563939
param_study_model_PROD_1	2	0.2	2	0.7	0.6536714181079979
param_study_model_PROD_2	2	0.2	2	0.7	0.6678780969215444
param_study_model_PROD_3	2	0.2	2	0.7	0.6450830053784725
param_study_model_PROD_4	2	0.2	2	0.7	0.691549268794315
param_study_model_PROD_0	2	0.2	2	0.9	0.699180275563939
param_study_model_PROD_1	2	0.2	2	0.9	0.6536714181079979
param_study_model_PROD_2	2	0.2	2	0.9	0.6678780969215444
param_study_model_PROD_3	2	0.2	2	0.9	0.6450830053784725
param_study_model_PROD_4	2	0.2	2	0.9	0.691549268794315
param_study_model_PROD_0	2	0.2	4	0.1	0.6891488993866484
param_study_model_PROD_1	2	0.2	4	0.1	0.6098233465803143
param_study_model_PROD_2	2	0.2	4	0.1	0.6440418032904495
param_study_model_PROD_3	2	0.2	4	0.1	0.5789829982517352
param_study_model_PROD_4	2	0.2	4	0.1	0.637789781697
param_study_model_PROD_0	2	0.2	4	0.3	0.699180275563939
param_study_model_PROD_1	2	0.2	4	0.3	0.6536714181079979
param_study_model_PROD_2	2	0.2	4	0.3	0.6678780969215444
param_study_model_PROD_3	2	0.2	4	0.3	0.6450830053784725
param_study_model_PROD_4	2	0.2	4	0.3	0.637789781697
param_study_model_PROD_0	2	0.2	4	0.4	0.699180275563939
param_study_model_PROD_1	2	0.2	4	0.4	0.6536714181079979
param_study_model_PROD_2	2	0.2	4	0.4	0.6678780969215444
param_study_model_PROD_3	2	0.2	4	0.4	0.6450830053784725
param_study_model_PROD_4	2	0.2	4	0.4	0.691549268794315
param_study_model_PROD_0	2	0.2	4	0.6	0.699180275563939
param_study_model_PROD_1	2	0.2	4	0.6	0.6536714181079979
param_study_model_PROD_2	2	0.2	4	0.6	0.6678780969215444
param_study_model_PROD_3	2	0.2	4	0.6	0.6450830053784725
param_study_model_PROD_4	2	0.2	4	0.6	0.691549268794315
param_study_model_PROD_0	2	0.2	4	0.7	0.699180275563939
param_study_model_PROD_1	2	0.2	4	0.7	0.6536714181079979
param_study_model_PROD_2	2	0.2	4	0.7	0.6678780969215444
param_study_model_PROD_3	2	0.2	4	0.7	0.6450830053784725
param_study_model_PROD_4	2	0.2	4	0.7	0.691549268794315
param_study_model_PROD_0	2	0.2	4	0.9	0.699180275563939
param_study_model_PROD_1	2	0.2	4	0.9	0.6536714181079979
param_study_model_PROD_2	2	0.2	4	0.9	0.6678780969215444
param_study_model_PROD_3	2	0.2	4	0.9	0.6450830053784725
param_study_model_PROD_4	2	0.2	4	0.9	0.691549268794315
param_study_model_PROD_0	2	0.4	3	0.1	0.5
param_study_model_PROD_1	2	0.4	3	0.1	0.5
param_study_model_PROD_2	2	0.4	3	0.1	0.5
param_study_model_PROD_3	2	0.4	3	0.1	0.5
param_study_model_PROD_4	2	0.4	3	0.1	0.5
param_study_model_PROD_0	2	0.4	3	0.3	0.5
param_study_model_PROD_1	2	0.4	3	0.3	0.5
param_study_model_PROD_2	2	0.4	3	0.3	0.5
param_study_model_PROD_3	2	0.4	3	0.3	0.5
param_study_model_PROD_4	2	0.4	3	0.3	0.5
param_study_model_PROD_0	2	0.4	3	0.4	0.5
param_study_model_PROD_1	2	0.4	3	0.4	0.5
param_study_model_PROD_2	2	0.4	3	0.4	0.5
param_study_model_PROD_3	2	0.4	3	0.4	0.5
param_study_model_PROD_4	2	0.4	3	0.4	0.5
param_study_model_PROD_0	2	0.4	3	0.6	0.5
param_study_model_PROD_1	2	0.4	3	0.6	0.5
param_study_model_PROD_2	2	0.4	3	0.6	0.5
param_study_model_PROD_3	2	0.4	3	0.6	0.5
param_study_model_PROD_4	2	0.4	3	0.6	0.5
param_study_model_PROD_0	2	0.4	3	0.7	0.5
param_study_model_PROD_1	2	0.4	3	0.7	0.5
param_study_model_PROD_2	2	0.4	3	0.7	0.5
param_study_model_PROD_3	2	0.4	3	0.7	0.5
param_study_model_PROD_4	2	0.4	3	0.7	0.5
param_study_model_PROD_0	2	0.4	3	0.9	0.5
param_study_model_PROD_1	2	0.4	3	0.9	0.5
param_study_model_PROD_2	2	0.4	3	0.9	0.5
param_study_model_PROD_3	2	0.4	3	0.9	0.5
param_study_model_PROD_4	2	0.4	3	0.9	0.5
param_study_model_PROD_0	2	0.4	2	0.1	0.5
param_study_model_PROD_1	2	0.4	2	0.1	0.5
param_study_model_PROD_2	2	0.4	2	0.1	0.5
param_study_model_PROD_3	2	0.4	2	0.1	0.5
param_study_model_PROD_4	2	0.4	2	0.1	0.5
param_study_model_PROD_0	2	0.4	2	0.3	0.5
param_study_model_PROD_1	2	0.4	2	0.3	0.5
param_study_model_PROD_2	2	0.4	2	0.3	0.5
param_study_model_PROD_3	2	0.4	2	0.3	0.5
param_study_model_PROD_4	2	0.4	2	0.3	0.5
param_study_model_PROD_0	2	0.4	2	0.4	0.5
param_study_model_PROD_1	2	0.4	2	0.4	0.5
param_study_model_PROD_2	2	0.4	2	0.4	0.5
param_study_model_PROD_3	2	0.4	2	0.4	0.5
param_study_model_PROD_4	2	0.4	2	0.4	0.5
param_study_model_PROD_0	2	0.4	2	0.6	0.5
param_study_model_PROD_1	2	0.4	2	0.6	0.5
param_study_model_PROD_2	2	0.4	2	0.6	0.5
param_study_model_PROD_3	2	0.4	2	0.6	0.5
param_study_model_PROD_4	2	0.4	2	0.6	0.5
param_study_model_PROD_0	2	0.4	2	0.7	0.5
param_study_model_PROD_1	2	0.4	2	0.7	0.5
param_study_model_PROD_2	2	0.4	2	0.7	0.5
param_study_model_PROD_3	2	0.4	2	0.7	0.5
param_study_model_PROD_4	2	0.4	2	0.7	0.5
param_study_model_PROD_0	2	0.4	2	0.9	0.5
param_study_model_PROD_1	2	0.4	2	0.9	0.5
param_study_model_PROD_2	2	0.4	2	0.9	0.5
param_study_model_PROD_3	2	0.4	2	0.9	0.5
param_study_model_PROD_4	2	0.4	2	0.9	0.5
param_study_model_PROD_0	2	0.4	4	0.1	0.5
param_study_model_PROD_1	2	0.4	4	0.1	0.5
param_study_model_PROD_2	2	0.4	4	0.1	0.5
param_study_model_PROD_3	2	0.4	4	0.1	0.5
param_study_model_PROD_4	2	0.4	4	0.1	0.5
param_study_model_PROD_0	2	0.4	4	0.3	0.5
param_study_model_PROD_1	2	0.4	4	0.3	0.5
param_study_model_PROD_2	2	0.4	4	0.3	0.5
param_study_model_PROD_3	2	0.4	4	0.3	0.5
param_study_model_PROD_4	2	0.4	4	0.3	0.5
param_study_model_PROD_0	2	0.4	4	0.4	0.5
param_study_model_PROD_1	2	0.4	4	0.4	0.5
param_study_model_PROD_2	2	0.4	4	0.4	0.5
param_study_model_PROD_3	2	0.4	4	0.4	0.5
param_study_model_PROD_4	2	0.4	4	0.4	0.5
param_study_model_PROD_0	2	0.4	4	0.6	0.5
param_study_model_PROD_1	2	0.4	4	0.6	0.5
param_study_model_PROD_2	2	0.4	4	0.6	0.5
param_study_model_PROD_3	2	0.4	4	0.6	0.5
param_study_model_PROD_4	2	0.4	4	0.6	0.5
param_study_model_PROD_0	2	0.4	4	0.7	0.5
param_study_model_PROD_1	2	0.4	4	0.7	0.5
param_study_model_PROD_2	2	0.4	4	0.7	0.5
param_study_model_PROD_3	2	0.4	4	0.7	0.5
param_study_model_PROD_4	2	0.4	4	0.7	0.5
param_study_model_PROD_0	2	0.4	4	0.9	0.5
param_study_model_PROD_1	2	0.4	4	0.9	0.5
param_study_model_PROD_2	2	0.4	4	0.9	0.5
param_study_model_PROD_3	2	0.4	4	0.9	0.5
param_study_model_PROD_4	2	0.4	4	0.9	0.5
param_study_model_PROD_0	2	0.6	3	0.1	0.5
param_study_model_PROD_1	2	0.6	3	0.1	0.5
param_study_model_PROD_2	2	0.6	3	0.1	0.5
param_study_model_PROD_3	2	0.6	3	0.1	0.5
param_study_model_PROD_4	2	0.6	3	0.1	0.5
param_study_model_PROD_0	2	0.6	3	0.3	0.5
param_study_model_PROD_1	2	0.6	3	0.3	0.5
param_study_model_PROD_2	2	0.6	3	0.3	0.5
param_study_model_PROD_3	2	0.6	3	0.3	0.5
param_study_model_PROD_4	2	0.6	3	0.3	0.5
param_study_model_PROD_0	2	0.6	3	0.4	0.5
param_study_model_PROD_1	2	0.6	3	0.4	0.5
param_study_model_PROD_2	2	0.6	3	0.4	0.5
param_study_model_PROD_3	2	0.6	3	0.4	0.5
param_study_model_PROD_4	2	0.6	3	0.4	0.5
param_study_model_PROD_0	2	0.6	3	0.6	0.5
param_study_model_PROD_1	2	0.6	3	0.6	0.5
param_study_model_PROD_2	2	0.6	3	0.6	0.5
param_study_model_PROD_3	2	0.6	3	0.6	0.5
param_study_model_PROD_4	2	0.6	3	0.6	0.5
param_study_model_PROD_0	2	0.6	3	0.7	0.5
param_study_model_PROD_1	2	0.6	3	0.7	0.5
param_study_model_PROD_2	2	0.6	3	0.7	0.5
param_study_model_PROD_3	2	0.6	3	0.7	0.5
param_study_model_PROD_4	2	0.6	3	0.7	0.5
param_study_model_PROD_0	2	0.6	3	0.9	0.5
param_study_model_PROD_1	2	0.6	3	0.9	0.5
param_study_model_PROD_2	2	0.6	3	0.9	0.5
param_study_model_PROD_3	2	0.6	3	0.9	0.5
param_study_model_PROD_4	2	0.6	3	0.9	0.5
param_study_model_PROD_0	2	0.6	2	0.1	0.5
param_study_model_PROD_1	2	0.6	2	0.1	0.5
param_study_model_PROD_2	2	0.6	2	0.1	0.5
param_study_model_PROD_3	2	0.6	2	0.1	0.5
param_study_model_PROD_4	2	0.6	2	0.1	0.5
param_study_model_PROD_0	2	0.6	2	0.3	0.5
param_study_model_PROD_1	2	0.6	2	0.3	0.5
param_study_model_PROD_2	2	0.6	2	0.3	0.5
param_study_model_PROD_3	2	0.6	2	0.3	0.5
param_study_model_PROD_4	2	0.6	2	0.3	0.5
param_study_model_PROD_0	2	0.6	2	0.4	0.5
param_study_model_PROD_1	2	0.6	2	0.4	0.5
param_study_model_PROD_2	2	0.6	2	0.4	0.5
param_study_model_PROD_3	2	0.6	2	0.4	0.5
param_study_model_PROD_4	2	0.6	2	0.4	0.5
param_study_model_PROD_0	2	0.6	2	0.6	0.5
param_study_model_PROD_1	2	0.6	2	0.6	0.5
param_study_model_PROD_2	2	0.6	2	0.6	0.5
param_study_model_PROD_3	2	0.6	2	0.6	0.5
param_study_model_PROD_4	2	0.6	2	0.6	0.5
param_study_model_PROD_0	2	0.6	2	0.7	0.5
param_study_model_PROD_1	2	0.6	2	0.7	0.5
param_study_model_PROD_2	2	0.6	2	0.7	0.5
param_study_model_PROD_3	2	0.6	2	0.7	0.5
param_study_model_PROD_4	2	0.6	2	0.7	0.5
param_study_model_PROD_0	2	0.6	2	0.9	0.5
param_study_model_PROD_1	2	0.6	2	0.9	0.5
param_study_model_PROD_2	2	0.6	2	0.9	0.5
param_study_model_PROD_3	2	0.6	2	0.9	0.5
param_study_model_PROD_4	2	0.6	2	0.9	0.5
param_study_model_PROD_0	2	0.6	4	0.1	0.5
param_study_model_PROD_1	2	0.6	4	0.1	0.5
param_study_model_PROD_2	2	0.6	4	0.1	0.5
param_study_model_PROD_3	2	0.6	4	0.1	0.5
param_study_model_PROD_4	2	0.6	4	0.1	0.5
param_study_model_PROD_0	2	0.6	4	0.3	0.5
param_study_model_PROD_1	2	0.6	4	0.3	0.5
param_study_model_PROD_2	2	0.6	4	0.3	0.5
param_study_model_PROD_3	2	0.6	4	0.3	0.5
param_study_model_PROD_4	2	0.6	4	0.3	0.5
param_study_model_PROD_0	2	0.6	4	0.4	0.5
param_study_model_PROD_1	2	0.6	4	0.4	0.5
param_study_model_PROD_2	2	0.6	4	0.4	0.5
param_study_model_PROD_3	2	0.6	4	0.4	0.5
param_study_model_PROD_4	2	0.6	4	0.4	0.5
param_study_model_PROD_0	2	0.6	4	0.6	0.5
param_study_model_PROD_1	2	0.6	4	0.6	0.5
param_study_model_PROD_2	2	0.6	4	0.6	0.5
param_study_model_PROD_3	2	0.6	4	0.6	0.5
param_study_model_PROD_4	2	0.6	4	0.6	0.5
param_study_model_PROD_0	2	0.6	4	0.7	0.5
param_study_model_PROD_1	2	0.6	4	0.7	0.5
param_study_model_PROD_2	2	0.6	4	0.7	0.5
param_study_model_PROD_3	2	0.6	4	0.7	0.5
param_study_model_PROD_4	2	0.6	4	0.7	0.5
param_study_model_PROD_0	2	0.6	4	0.9	0.5
param_study_model_PROD_1	2	0.6	4	0.9	0.5
param_study_model_PROD_2	2	0.6	4	0.9	0.5
param_study_model_PROD_3	2	0.6	4	0.9	0.5
param_study_model_PROD_4	2	0.6	4	0.9	0.5
param_study_model_PROD_0	2	0.8	3	0.1	0.5
param_study_model_PROD_1	2	0.8	3	0.1	0.5
param_study_model_PROD_2	2	0.8	3	0.1	0.5
param_study_model_PROD_3	2	0.8	3	0.1	0.5
param_study_model_PROD_4	2	0.8	3	0.1	0.5
param_study_model_PROD_0	2	0.8	3	0.3	0.5
param_study_model_PROD_1	2	0.8	3	0.3	0.5
param_study_model_PROD_2	2	0.8	3	0.3	0.5
param_study_model_PROD_3	2	0.8	3	0.3	0.5
param_study_model_PROD_4	2	0.8	3	0.3	0.5
param_study_model_PROD_0	2	0.8	3	0.4	0.5
param_study_model_PROD_1	2	0.8	3	0.4	0.5
param_study_model_PROD_2	2	0.8	3	0.4	0.5
param_study_model_PROD_3	2	0.8	3	0.4	0.5
param_study_model_PROD_4	2	0.8	3	0.4	0.5
param_study_model_PROD_0	2	0.8	3	0.6	0.5
param_study_model_PROD_1	2	0.8	3	0.6	0.5
param_study_model_PROD_2	2	0.8	3	0.6	0.5
param_study_model_PROD_3	2	0.8	3	0.6	0.5
param_study_model_PROD_4	2	0.8	3	0.6	0.5
param_study_model_PROD_0	2	0.8	3	0.7	0.5
param_study_model_PROD_1	2	0.8	3	0.7	0.5
param_study_model_PROD_2	2	0.8	3	0.7	0.5
param_study_model_PROD_3	2	0.8	3	0.7	0.5
param_study_model_PROD_4	2	0.8	3	0.7	0.5
param_study_model_PROD_0	2	0.8	3	0.9	0.5
param_study_model_PROD_1	2	0.8	3	0.9	0.5
param_study_model_PROD_2	2	0.8	3	0.9	0.5
param_study_model_PROD_3	2	0.8	3	0.9	0.5
param_study_model_PROD_4	2	0.8	3	0.9	0.5
param_study_model_PROD_0	2	0.8	2	0.1	0.5
param_study_model_PROD_1	2	0.8	2	0.1	0.5
param_study_model_PROD_2	2	0.8	2	0.1	0.5
param_study_model_PROD_3	2	0.8	2	0.1	0.5
param_study_model_PROD_4	2	0.8	2	0.1	0.5
param_study_model_PROD_0	2	0.8	2	0.3	0.5
param_study_model_PROD_1	2	0.8	2	0.3	0.5
param_study_model_PROD_2	2	0.8	2	0.3	0.5
param_study_model_PROD_3	2	0.8	2	0.3	0.5
param_study_model_PROD_4	2	0.8	2	0.3	0.5
param_study_model_PROD_0	2	0.8	2	0.4	0.5
param_study_model_PROD_1	2	0.8	2	0.4	0.5
param_study_model_PROD_2	2	0.8	2	0.4	0.5
param_study_model_PROD_3	2	0.8	2	0.4	0.5
param_study_model_PROD_4	2	0.8	2	0.4	0.5
param_study_model_PROD_0	2	0.8	2	0.6	0.5
param_study_model_PROD_1	2	0.8	2	0.6	0.5
param_study_model_PROD_2	2	0.8	2	0.6	0.5
param_study_model_PROD_3	2	0.8	2	0.6	0.5
param_study_model_PROD_4	2	0.8	2	0.6	0.5
param_study_model_PROD_0	2	0.8	2	0.7	0.5
param_study_model_PROD_1	2	0.8	2	0.7	0.5
param_study_model_PROD_2	2	0.8	2	0.7	0.5
param_study_model_PROD_3	2	0.8	2	0.7	0.5
param_study_model_PROD_4	2	0.8	2	0.7	0.5
param_study_model_PROD_0	2	0.8	2	0.9	0.5
param_study_model_PROD_1	2	0.8	2	0.9	0.5
param_study_model_PROD_2	2	0.8	2	0.9	0.5
param_study_model_PROD_3	2	0.8	2	0.9	0.5
param_study_model_PROD_4	2	0.8	2	0.9	0.5
param_study_model_PROD_0	2	0.8	4	0.1	0.5
param_study_model_PROD_1	2	0.8	4	0.1	0.5
param_study_model_PROD_2	2	0.8	4	0.1	0.5
param_study_model_PROD_3	2	0.8	4	0.1	0.5
param_study_model_PROD_4	2	0.8	4	0.1	0.5
param_study_model_PROD_0	2	0.8	4	0.3	0.5
param_study_model_PROD_1	2	0.8	4	0.3	0.5
param_study_model_PROD_2	2	0.8	4	0.3	0.5
param_study_model_PROD_3	2	0.8	4	0.3	0.5
param_study_model_PROD_4	2	0.8	4	0.3	0.5
param_study_model_PROD_0	2	0.8	4	0.4	0.5
param_study_model_PROD_1	2	0.8	4	0.4	0.5
param_study_model_PROD_2	2	0.8	4	0.4	0.5
param_study_model_PROD_3	2	0.8	4	0.4	0.5
param_study_model_PROD_4	2	0.8	4	0.4	0.5
param_study_model_PROD_0	2	0.8	4	0.6	0.5
param_study_model_PROD_1	2	0.8	4	0.6	0.5
param_study_model_PROD_2	2	0.8	4	0.6	0.5
param_study_model_PROD_3	2	0.8	4	0.6	0.5
param_study_model_PROD_4	2	0.8	4	0.6	0.5
param_study_model_PROD_0	2	0.8	4	0.7	0.5
param_study_model_PROD_1	2	0.8	4	0.7	0.5
param_study_model_PROD_2	2	0.8	4	0.7	0.5
param_study_model_PROD_3	2	0.8	4	0.7	0.5
param_study_model_PROD_4	2	0.8	4	0.7	0.5
param_study_model_PROD_0	2	0.8	4	0.9	0.5
param_study_model_PROD_1	2	0.8	4	0.9	0.5
param_study_model_PROD_2	2	0.8	4	0.9	0.5
param_study_model_PROD_3	2	0.8	4	0.9	0.5
param_study_model_PROD_4	2	0.8	4	0.9	0.5
